scenario_id,ablated,c2_style,attack_type,cobt_top1,cobt_top3,cobt_top5,cobt_mrr,cobt_top1_lenient,cobt_top3_lenient,cobt_top5_lenient,cobt_mrr_lenient,cobt_rank
test_000,temporal,centralised,udp_flood,1.0,1.0,1.0,1.0,1.0,1.0,1.0,1.0,1
test_001,temporal,beacon,udp_flood,1.0,1.0,1.0,1.0,1.0,1.0,1.0,1.0,1
test_002,temporal,proxied,udp_flood,0.0,0.0,0.0,0.14285714285714285,1.0,1.0,1.0,1.0,7
test_003,temporal,centralised,syn_flood,1.0,1.0,1.0,1.0,1.0,1.0,1.0,1.0,1
test_004,temporal,beacon,syn_flood,1.0,1.0,1.0,1.0,1.0,1.0,1.0,1.0,1
test_005,temporal,proxied,syn_flood,0.0,0.0,0.0,0.08333333333333333,1.0,1.0,1.0,1.0,12
test_006,temporal,centralised,http_flood,1.0,1.0,1.0,1.0,1.0,1.0,1.0,1.0,1
test_007,temporal,beacon,http_flood,1.0,1.0,1.0,1.0,1.0,1.0,1.0,1.0,1
test_008,temporal,proxied,http_flood,0.0,0.0,0.0,0.16666666666666666,1.0,1.0,1.0,1.0,6
test_000,fanout,centralised,udp_flood,1.0,1.0,1.0,1.0,1.0,1.0,1.0,1.0,1
test_001,fanout,beacon,udp_flood,1.0,1.0,1.0,1.0,1.0,1.0,1.0,1.0,1
test_002,fanout,proxied,udp_flood,0.0,0.0,1.0,0.2,1.0,1.0,1.0,1.0,5
test_003,fanout,centralised,syn_flood,1.0,1.0,1.0,1.0,1.0,1.0,1.0,1.0,1
test_004,fanout,beacon,syn_flood,1.0,1.0,1.0,1.0,1.0,1.0,1.0,1.0,1
test_005,fanout,proxied,syn_flood,0.0,0.0,0.0,0.08333333333333333,1.0,1.0,1.0,1.0,12
test_006,fanout,centralised,http_flood,1.0,1.0,1.0,1.0,1.0,1.0,1.0,1.0,1
test_007,fanout,beacon,http_flood,1.0,1.0,1.0,1.0,1.0,1.0,1.0,1.0,1
test_008,fanout,proxied,http_flood,0.0,1.0,1.0,0.3333333333333333,1.0,1.0,1.0,1.0,3
test_000,baseline,centralised,udp_flood,1.0,1.0,1.0,1.0,1.0,1.0,1.0,1.0,1
test_001,baseline,beacon,udp_flood,1.0,1.0,1.0,1.0,1.0,1.0,1.0,1.0,1
test_002,baseline,proxied,udp_flood,0.0,0.0,0.0,0.025,1.0,1.0,1.0,1.0,40
test_003,baseline,centralised,syn_flood,1.0,1.0,1.0,1.0,1.0,1.0,1.0,1.0,1
test_004,baseline,beacon,syn_flood,1.0,1.0,1.0,1.0,1.0,1.0,1.0,1.0,1
test_005,baseline,proxied,syn_flood,0.0,0.0,0.0,0.022727272727272728,1.0,1.0,1.0,1.0,44
test_006,baseline,centralised,http_flood,1.0,1.0,1.0,1.0,1.0,1.0,1.0,1.0,1
test_007,baseline,beacon,http_flood,1.0,1.0,1.0,1.0,1.0,1.0,1.0,1.0,1
test_008,baseline,proxied,http_flood,0.0,0.0,0.0,0.023255813953488372,1.0,1.0,1.0,1.0,43
test_000,graph,centralised,udp_flood,1.0,1.0,1.0,1.0,1.0,1.0,1.0,1.0,1
test_001,graph,beacon,udp_flood,1.0,1.0,1.0,1.0,1.0,1.0,1.0,1.0,1
test_002,graph,proxied,udp_flood,0.0,0.0,0.0,0.16666666666666666,1.0,1.0,1.0,1.0,6
test_003,graph,centralised,syn_flood,1.0,1.0,1.0,1.0,1.0,1.0,1.0,1.0,1
test_004,graph,beacon,syn_flood,1.0,1.0,1.0,1.0,1.0,1.0,1.0,1.0,1
test_005,graph,proxied,syn_flood,0.0,0.0,0.0,0.08333333333333333,1.0,1.0,1.0,1.0,12
test_006,graph,centralised,http_flood,1.0,1.0,1.0,1.0,1.0,1.0,1.0,1.0,1
test_007,graph,beacon,http_flood,1.0,1.0,1.0,1.0,1.0,1.0,1.0,1.0,1
test_008,graph,proxied,http_flood,0.0,0.0,1.0,0.2,1.0,1.0,1.0,1.0,5
test_000,none,centralised,udp_flood,1.0,1.0,1.0,1.0,1.0,1.0,1.0,1.0,1
test_001,none,beacon,udp_flood,1.0,1.0,1.0,1.0,1.0,1.0,1.0,1.0,1
test_002,none,proxied,udp_flood,0.0,0.0,0.0,0.14285714285714285,1.0,1.0,1.0,1.0,7
test_003,none,centralised,syn_flood,1.0,1.0,1.0,1.0,1.0,1.0,1.0,1.0,1
test_004,none,beacon,syn_flood,1.0,1.0,1.0,1.0,1.0,1.0,1.0,1.0,1
test_005,none,proxied,syn_flood,0.0,0.0,0.0,0.08333333333333333,1.0,1.0,1.0,1.0,12
test_006,none,centralised,http_flood,1.0,1.0,1.0,1.0,1.0,1.0,1.0,1.0,1
test_007,none,beacon,http_flood,1.0,1.0,1.0,1.0,1.0,1.0,1.0,1.0,1
test_008,none,proxied,http_flood,0.0,0.0,0.0,0.16666666666666666,1.0,1.0,1.0,1.0,6
