scenario_id,seed,attack_type,c2_style,bot_count,benign_hosts,jitter_std,n_flows,det_precision,det_recall,det_f1,det_fpr,det_detection_delay,det_victim_correct,det_mean_onset_error,cobt_top1,cobt_top3,cobt_top5,cobt_mrr,cobt_top1_lenient,cobt_top3_lenient,cobt_top5_lenient,cobt_mrr_lenient,cobt_rank,random_top1,random_top3,random_top5,random_mrr,random_top1_lenient,random_top3_lenient,random_top5_lenient,random_mrr_lenient,random_rank,fanout_top1,fanout_top3,fanout_top5,fanout_mrr,fanout_top1_lenient,fanout_top3_lenient,fanout_top5_lenient,fanout_mrr_lenient,fanout_rank,degree_top1,degree_top3,degree_top5,degree_mrr,degree_top1_lenient,degree_top3_lenient,degree_top5_lenient,degree_mrr_lenient,degree_rank
test_000,2000,udp_flood,centralised,10,40,0.5,16608,1.0,1.0,1.0,0.0,0,1.0,2.5673052227325064e-07,1.0,1.0,1.0,1.0,1.0,1.0,1.0,1.0,1,0.0,0.0,0.0,0.018867924528301886,0.0,0.0,0.0,0.018867924528301886,53,0.0,0.0,1.0,0.25,0.0,0.0,1.0,0.25,4,0.0,0.0,1.0,0.25,0.0,0.0,1.0,0.25,4
test_001,2001,udp_flood,beacon,10,40,0.5,16963,1.0,1.0,1.0,0.0,0,1.0,2.5238142282230706e-07,1.0,1.0,1.0,1.0,1.0,1.0,1.0,1.0,1,0.0,0.0,0.0,0.16666666666666666,0.0,0.0,0.0,0.16666666666666666,6,0.0,0.0,1.0,0.25,0.0,0.0,1.0,0.25,4,0.0,0.0,1.0,0.25,0.0,0.0,1.0,0.25,4
test_002,2002,udp_flood,proxied,10,40,0.5,16893,1.0,1.0,1.0,0.0,0,1.0,3.209425282572435e-07,0.0,0.0,0.0,0.14285714285714285,1.0,1.0,1.0,1.0,7,0.0,0.0,0.0,0.125,0.0,0.0,0.0,0.125,8,0.0,0.0,0.0,0.05555555555555555,0.0,0.0,0.0,0.05555555555555555,18,0.0,0.0,0.0,0.05555555555555555,0.0,0.0,0.0,0.05555555555555555,18
test_003,2003,syn_flood,centralised,10,40,0.5,16320,1.0,1.0,1.0,0.0,0,1.0,2.1271747780499734e-07,1.0,1.0,1.0,1.0,1.0,1.0,1.0,1.0,1,1.0,1.0,1.0,1.0,1.0,1.0,1.0,1.0,1,0.0,1.0,1.0,0.3333333333333333,0.0,1.0,1.0,0.3333333333333333,3,0.0,1.0,1.0,0.3333333333333333,0.0,1.0,1.0,0.3333333333333333,3
test_004,2004,syn_flood,beacon,10,40,0.5,16585,1.0,1.0,1.0,0.0,0,1.0,2.493230289878233e-07,1.0,1.0,1.0,1.0,1.0,1.0,1.0,1.0,1,0.0,0.0,0.0,0.05,0.0,0.0,0.0,0.05,20,0.0,1.0,1.0,0.3333333333333333,0.0,1.0,1.0,0.3333333333333333,3,0.0,1.0,1.0,0.3333333333333333,0.0,1.0,1.0,0.3333333333333333,3
test_005,2005,syn_flood,proxied,10,40,0.5,16882,1.0,1.0,1.0,0.0,0,1.0,2.1764962336116392e-07,0.0,0.0,0.0,0.08333333333333333,1.0,1.0,1.0,1.0,12,0.0,0.0,0.0,0.03333333333333333,0.0,0.0,0.0,0.03333333333333333,30,0.0,0.0,0.0,0.09090909090909091,0.0,0.0,0.0,0.09090909090909091,11,0.0,0.0,0.0,0.09090909090909091,0.0,0.0,0.0,0.09090909090909091,11
test_006,2006,http_flood,centralised,10,40,0.5,16894,1.0,1.0,1.0,0.0,0,1.0,2.0838197340506466e-07,1.0,1.0,1.0,1.0,1.0,1.0,1.0,1.0,1,0.0,0.0,0.0,0.02,0.0,0.0,0.0,0.02,50,0.0,1.0,1.0,0.3333333333333333,0.0,1.0,1.0,0.3333333333333333,3,0.0,1.0,1.0,0.3333333333333333,0.0,1.0,1.0,0.3333333333333333,3
test_007,2007,http_flood,beacon,10,40,0.5,16958,1.0,1.0,1.0,0.0,0,1.0,2.2609828281221982e-07,1.0,1.0,1.0,1.0,1.0,1.0,1.0,1.0,1,0.0,0.0,0.0,0.02564102564102564,0.0,0.0,0.0,0.02564102564102564,39,0.0,0.0,1.0,0.25,0.0,0.0,1.0,0.25,4,0.0,0.0,1.0,0.25,0.0,0.0,1.0,0.25,4
test_008,2008,http_flood,proxied,10,40,0.5,16921,1.0,1.0,1.0,0.0,0,1.0,2.4853590869295454e-07,0.0,0.0,0.0,0.16666666666666666,1.0,1.0,1.0,1.0,6,0.0,0.0,0.0,0.02857142857142857,0.0,0.0,0.0,0.037037037037037035,35,0.0,0.0,0.0,0.16666666666666666,0.0,0.0,0.0,0.16666666666666666,6,0.0,0.0,0.0,0.16666666666666666,0.0,0.0,0.0,0.16666666666666666,6
test_009,2009,syn_flood,centralised,5,40,0.5,12674,1.0,1.0,1.0,0.0,0,1.0,2.3475582793253126e-07,1.0,1.0,1.0,1.0,1.0,1.0,1.0,1.0,1,0.0,0.0,1.0,0.2,0.0,0.0,1.0,0.2,5,0.0,0.0,1.0,0.25,0.0,0.0,1.0,0.25,4,0.0,0.0,1.0,0.25,0.0,0.0,1.0,0.25,4
test_010,2010,syn_flood,centralised,20,40,0.5,25633,1.0,1.0,1.0,0.0,0,1.0,2.3505801670530167e-07,1.0,1.0,1.0,1.0,1.0,1.0,1.0,1.0,1,0.0,0.0,1.0,0.25,0.0,0.0,1.0,0.25,4,0.0,1.0,1.0,0.3333333333333333,0.0,1.0,1.0,0.3333333333333333,3,0.0,1.0,1.0,0.3333333333333333,0.0,1.0,1.0,0.3333333333333333,3
test_011,2011,syn_flood,centralised,50,40,0.5,51309,1.0,1.0,1.0,0.0,0,1.0,2.3379778958264473e-07,1.0,1.0,1.0,1.0,1.0,1.0,1.0,1.0,1,0.0,0.0,0.0,0.047619047619047616,0.0,0.0,0.0,0.047619047619047616,21,0.0,1.0,1.0,0.3333333333333333,0.0,1.0,1.0,0.3333333333333333,3,0.0,1.0,1.0,0.3333333333333333,0.0,1.0,1.0,0.3333333333333333,3
test_012,2012,syn_flood,centralised,10,40,0.1,16697,1.0,1.0,1.0,0.0,0,1.0,2.5799487780710075e-07,1.0,1.0,1.0,1.0,1.0,1.0,1.0,1.0,1,0.0,0.0,0.0,0.05263157894736842,0.0,0.0,0.0,0.05263157894736842,19,0.0,0.0,1.0,0.25,0.0,0.0,1.0,0.25,4,0.0,0.0,1.0,0.25,0.0,0.0,1.0,0.25,4
test_013,2013,syn_flood,centralised,10,40,1.0,16694,1.0,1.0,1.0,0.0,0,1.0,3.0158220296369916e-07,1.0,1.0,1.0,1.0,1.0,1.0,1.0,1.0,1,0.0,0.0,0.0,0.02,0.0,0.0,0.0,0.02,50,0.0,0.0,1.0,0.25,0.0,0.0,1.0,0.25,4,0.0,0.0,1.0,0.25,0.0,0.0,1.0,0.25,4
test_014,2014,syn_flood,centralised,10,40,2.0,16899,1.0,1.0,1.0,0.0,0,1.0,2.790615730595568e-07,1.0,1.0,1.0,1.0,1.0,1.0,1.0,1.0,1,0.0,0.0,0.0,0.021739130434782608,0.0,0.0,0.0,0.021739130434782608,46,0.0,0.0,1.0,0.25,0.0,0.0,1.0,0.25,4,0.0,0.0,1.0,0.25,0.0,0.0,1.0,0.25,4
test_015,2015,syn_flood,centralised,10,40,5.0,16786,1.0,1.0,1.0,0.0,0,1.0,2.525653365460635e-07,1.0,1.0,1.0,1.0,1.0,1.0,1.0,1.0,1,0.0,0.0,0.0,0.034482758620689655,0.0,0.0,0.0,0.034482758620689655,29,0.0,1.0,1.0,0.3333333333333333,0.0,1.0,1.0,0.3333333333333333,3,0.0,1.0,1.0,0.3333333333333333,0.0,1.0,1.0,0.3333333333333333,3
test_016,2016,syn_flood,centralised,10,80,0.5,24819,1.0,1.0,1.0,0.0,0,1.0,2.7611105224423227e-07,1.0,1.0,1.0,1.0,1.0,1.0,1.0,1.0,1,0.0,0.0,0.0,0.01282051282051282,0.0,0.0,0.0,0.01282051282051282,78,0.0,0.0,1.0,0.25,0.0,0.0,1.0,0.25,4,0.0,0.0,1.0,0.25,0.0,0.0,1.0,0.25,4
test_017,2017,syn_flood,centralised,10,160,0.5,41160,1.0,1.0,1.0,0.0,0,1.0,2.1166832198105112e-07,1.0,1.0,1.0,1.0,1.0,1.0,1.0,1.0,1,0.0,0.0,0.0,0.0136986301369863,0.0,0.0,0.0,0.0136986301369863,73,0.0,0.0,1.0,0.25,0.0,0.0,1.0,0.25,4,0.0,0.0,1.0,0.25,0.0,0.0,1.0,0.25,4
